model,feature_matrix,accuracy,precision,recall,f1_score
Decision Tree,word_1_500,0.948,0.92857143,0.96694215,0.94736842
KNN,word_1_1000,0.92,0.88549618,0.95867769,0.92063492
Logistic Regression,word_1_1000,0.976,0.96747967,0.98347107,0.97540983
Multi-layer Perceptron,word_1_2000,0.988,0.99166667,0.98347107,0.98755187
Multinomial Naive Bayes,word_1_2000,0.98,0.98333333,0.97520661,0.97925311
Random Forest,word_1_500,0.968,0.94488189,0.99173554,0.96774194
Support Vector Machine,word_1_500,0.984,0.97560976,0.99173554,0.98360656
